{
  "ret": 1.8495942078729455,
  "matrix": [
    [1181.1162112265451, 0.0, 948.8233981926403],
    [0.0, 1181.6472180982591, 541.2092582739663],
    [0.0, 0.0, 1.0]
  ],
  "dist": [
    [
      0.19174712176744907, -0.08277619494389733, 0.0015721897019070517,
      0.011591628661818381, -1.5351916635013496
    ]
  ]
}
